ancAmo.AA,Sc.position,alignment.position,der.AA,Sc.AA,ancAsco.AA,shorthand,max.PP,ancAmo.PP,dist.to.sub
T,5,2,S,T,T,T5S,1,1,0.7347
F,6,3,Y,F,F,F6Y,1,1,0.8597
A,7,4,E,E,E,A7E,1,0.996,0.5027
N,13,10,T,T,S,N13T,1,1,0.9382
N,13,10,S,T,S,N13S,1,1,0.1757
F,23,20,V,V,V,F23V,1,1,0.5027
Q,48,45,K,K,Q,Q48K,1,0.998,1.1409
Q,48,45,E,K,Q,Q48E,0.979,0.998,0.6567
S,49,46,A,S,S,S49A,1,0.965,0.7347
T,51,48,S,S,S,T51S,1,1,0.5027
K,53,50,P,P,P,K53P,1,0.996,0.1757
S,54,51,K,K,S,S54K,1,1,1.0081
K,55,52,Q,Q,K,K55Q,1,0.826,0.8939
E,57,54,D,E,D,E57D,1,0.98,0.1757
S,58,55,T,T,S,S58T,1,0.974,0.9382
Q,59,56,E,E,E,Q59E,1,0.492,0.3104
Q,59,56,G,E,E,Q59G,1,0.492,0.0966
P,60,57,K,P,K,P60K,1,1,0.1757
E,61,58,D,D,D,E61D,1,0.983,0.2256
Y,63,60,F,F,Y,Y63F,1,0.778,0.7891
H,65,62,R,R,R,H65R,1,0.981,0.2256
H,65,62,E,R,R,H65E,0.864,0.981,0.0329
I,67,64,T,T,T,I67T,1,0.719,0.3104
D,69,66,K,K,D,D69K,1,1,0.7347
D,69,66,R,K,D,D69R,1,1,1.0081
K,70,67,P,P,K,K70P,1,1,0.8597
N,72,69,Q,Q,N,N72Q,1,1,0.7347
N,72,69,E,Q,N,N72E,1,1,0.9734
K,73,70,N,K,K,K73N,0.598,0.957,0.3338
T,74,71,V,V,T,T74V,1,1,0.7347
T,74,71,I,V,T,T74I,0.982,1,0.2902
T,76,73,E,E,T,T76E,1,1,0.7347
I,78,75,R,R,R,I78R,1,0.974,0.0329
S,80,77,T,S,T,S80T,1,0.539,0.0966
D,88,85,E,E,D,D88E,1,1,0.9734
V,90,87,I,I,V,V90I,1,1,0.9734
R,98,95,K,K,K,R98K,1,0.997,0.2256
Q,109,106,S,S,S,Q109S,1,0.998,0.3338
A,110,107,S,A,S,A110S,1,0.997,0.2256
I,114,112,V,V,I,I114V,1,0.999,0.7347
A,127,125,L,L,A,A127L,1,1,0.7347
Y,128,126,F,F,Y,Y128F,1,1,0.7347
R,133,131,H,R,R,R133H,1,0.579,0.8597
V,135,133,Q,Q,Q,V135Q,1,0.868,0.0966
T,137,135,I,I,I,T137I,1,1,0.1757
T,138,136,S,S,T,T138S,1,0.994,0.5755
H,140,138,S,S,H,H140S,1,1,1.1409
H,140,138,N,S,H,H140N,1,1,0.8939
V,147,145,I,I,I,V147I,1,0.824,0.0329
A,151,149,N,N,S,A151N,1,0.647,0.8597
A,151,149,S,N,S,A151S,1,0.647,0.5027
S,155,153,K,S,S,S155K,1,0.989,0.7891
S,155,153,R,S,S,S155R,1,0.989,0.7347
I,158,156,V,V,I,I158V,1,0.801,0.7891
R,160,158,L,L,L,R160L,1,0.999,0.5027
T,162,160,E,E,T,T162E,1,0.992,0.7891
S,163,161,V,V,T,S163V,1,0.853,0.2902
S,163,161,T,V,T,S163T,1,0.853,0.5027
S,163,161,E,V,T,S163E,1,0.853,0.1757
G,164,162,N,N,N,G164N,1,1,0.2902
E,165,163,P,E,P,E165P,0.971,0.866,0.0329
P,166,164,R,R,S,P166R,1,0.515,0.5755
P,166,164,S,R,S,P166S,1,0.515,0.0329
L,167,165,I,I,L,L167I,1,1,0.7347
K,172,170,I,I,E,K172I,1,0.991,1.1547
K,172,170,V,I,E,K172V,1,0.991,0.7347
K,172,170,E,I,E,K172E,1,0.991,0.2902
K,172,170,A,I,E,K172A,1,0.991,0.1757
I,173,171,L,L,I,I173L,1,0.997,0.7891
I,173,171,M,L,I,I173M,1,0.997,0.3338
V,174,172,R,R,R,V174R,1,0.865,0.2256
H,176,174,F,F,F,H176F,1,0.996,0.2256
L,177,175,M,L,M,L177M,1,0.826,0.0966
E,179,177,D,D,E,E179D,1,0.995,0.8939
R,188,186,K,K,K,R188K,1,0.99,0.3104
D,192,190,E,E,D,D192E,1,1,0.2256
L,193,191,V,V,I,L193V,1,0.999,0.5755
L,193,191,I,V,I,L193I,1,0.999,0.1757
V,194,192,I,I,V,V194I,1,1,1.0751
K,196,194,R,R,K,K196R,1,1,0.7347
I,201,199,V,V,I,I201V,1,1,0.7347
G,202,200,A,A,S,G202A,1,0.394,0.7347
G,202,200,S,A,S,G202S,1,0.394,0.4218
S,206,204,Q,Q,Q,S206Q,1,1,0.2256
W,208,206,V,V,V,W208V,1,1,0.2902
W,208,206,L,V,V,W208L,1,1,0.2256
W,208,206,Q,V,V,W208Q,1,1,0.1757
E,210,208,T,T,T,E210T,1,0.981,0.4218
T,213,211,V,V,V,T213V,1,0.586,0.0966
S,218,216,P,P,P,S218P,1,0.904,0.5027
S,218,216,E,P,P,S218E,1,0.904,0.1757
D,219,217,I,I,E,D219I,1,0.999,1.0616
D,219,217,V,I,E,D219V,1,0.999,0.8597
D,219,217,E,I,E,D219E,0.999,0.999,0.5027
D,220,218,P,P,D,D220P,1,0.997,1.1031
D,220,218,T,P,D,D220T,1,0.997,0.9382
D,220,218,E,P,D,D220E,1,0.997,0.5755
E,224,222,K,K,E,E224K,1,0.994,0.8939