Sc.AA,Sc.position,alignment.position,anc.AA,ancAmo.AA,ancAsco.AA,shorthand,max.PP,average.PP,dist.to.sub
T,5,2,S,T,T,T5S,1,0.996,0.2165
F,6,3,Y,F,F,F6Y,1,0.996428571,0.1466
E,7,4,A,A,E,E7A,1,0.906,0.7329
T,13,10,S,N,S,T13S,1,0.982176471,0.2495
T,13,10,N,N,S,T13N,1,0.849666667,1.0581
V,23,20,F,F,V,V23F,1,1,0.7329
K,48,45,Q,Q,Q,K48Q,1,0.998035714,0.0306
K,48,45,E,Q,Q,K48E,0.979,0.949,0.2874
S,49,46,A,S,S,S49A,1,0.999421053,0.0306
S,51,48,T,T,S,S51T,1,0.999363636,0.7329
P,53,50,K,K,P,P53K,0.996,0.832333333,1.0581
K,54,51,S,S,S,K54S,1,0.984,0.1813
Q,55,52,K,K,K,Q55K,0.989,0.918055556,0.2874
E,57,54,D,E,D,E57D,1,0.994818182,0.498
T,58,55,S,S,S,T58S,1,0.96155,0.2495
E,59,56,Q,Q,E,E59Q,0.492,0.434,1.1218
E,59,56,G,Q,E,E59G,1,0.8834,0.8645
P,60,57,K,P,K,P60K,1,0.998909091,0.498
D,61,58,E,E,D,D61E,1,0.974888889,0.0516
F,63,60,Y,Y,Y,F63Y,0.993,0.848666667,0.42
R,65,62,H,H,R,R65H,0.981,0.981,1.1547
R,65,62,E,H,R,R65E,0.864,0.8145,0.9291
T,67,64,I,I,T,T67I,0.999,0.936428571,0.8645
K,69,66,D,D,D,K69D,1,0.997642857,0.498
K,69,66,R,D,D,K69R,1,0.985444444,0.0399
P,70,67,K,K,K,P70K,1,0.9648125,0.3656
Q,72,69,N,N,N,Q72N,1,0.993714286,0.498
Q,72,69,E,N,N,Q72E,1,0.981692308,0.0138
K,73,70,N,K,K,K73N,0.598,0.5965,0.7935
V,74,71,T,T,T,V74T,1,0.9078,0.498
V,74,71,I,T,T,V74I,0.982,0.8745,0.7935
E,76,73,T,T,T,E76T,1,0.987642857,0.498
R,78,75,I,I,R,R78I,0.974,0.974,1.1547
S,80,77,T,S,T,S80T,1,0.974846154,0.42
E,88,85,D,D,D,E88D,1,0.995380952,0.2165
I,90,87,V,V,V,I90V,1,0.999285714,0.2165
K,98,95,R,R,K,K98R,0.997,0.94425,0.979
S,109,106,Q,Q,S,S109Q,1,0.998875,0.8443
A,110,107,S,A,S,A110S,1,0.972111111,0.5792
V,114,112,I,I,I,V114I,1,1,0.498
L,127,125,A,A,A,L127A,1,0.999571429,0.498
F,128,126,Y,Y,Y,F128Y,1,1,0.498
R,133,131,H,R,R,R133H,1,1,0.2608
Q,135,133,V,V,Q,Q135V,1,1,1.0581
I,137,135,T,T,I,I137T,0.999,0.997333333,1.0581
S,138,136,T,T,T,S138T,1,1,0.652
S,140,138,N,H,H,S140N,1,1,0.0306
S,140,138,H,H,H,S140H,1,1,0.0931
I,147,145,V,V,I,I147V,1,1,1.1547
N,151,149,A,A,S,N151A,1,1,0.7329
N,151,149,S,A,S,N151S,1,1,0.3656
S,155,153,R,S,S,S155R,1,1,0.42
S,155,153,K,S,S,S155K,1,1,0.2165
V,158,156,I,I,I,V158I,1,0.985866667,0.42
L,160,158,R,R,L,L160R,1,1,0.7329
E,162,160,T,T,T,E162T,0.981,0.720333333,0.42
V,163,161,T,S,T,V163T,1,0.914066667,0.0931
V,163,161,S,S,T,V163S,1,1,1.0581
V,163,161,E,S,T,V163E,1,0.986666667,0.9125
N,164,162,G,G,N,N164G,1,0.927333333,0.9125
E,165,163,P,E,P,E165P,0.971,0.894214286,0.42
R,166,164,S,P,S,R166S,1,0.998272727,0.652
R,166,164,P,P,S,R166P,1,1,1.1547
I,167,165,L,L,L,I167L,1,0.999714286,0.498
I,172,170,V,K,E,I172V,1,0.998761905,0.0069
I,172,170,K,K,E,I172K,0.999,0.9975,0.498
I,172,170,E,K,E,I172E,1,0.884285714,0.5792
I,172,170,A,K,E,I172A,1,0.999666667,0.9125
L,173,171,M,I,I,L173M,1,1,0.7329
L,173,171,I,I,I,L173I,1,0.89975,0.42
R,174,172,V,V,R,R174V,1,1,0.979
F,176,174,H,H,F,F176H,0.996,0.79325,0.979
L,177,175,M,L,M,L177M,1,1,0.3656
D,179,177,E,E,E,D179E,1,1,0.2874
K,188,186,R,R,K,K188R,1,0.994714286,0.8645
E,192,190,D,D,D,E192D,1,0.856636364,0.3656
V,193,191,L,L,I,V193L,1,0.999666667,1.0581
V,193,191,I,L,I,V193I,1,1,0.652
I,194,192,V,V,V,I194V,1,1,0.0931
R,196,194,K,K,K,R196K,1,1,0.498
V,201,199,I,I,I,V201I,1,0.907642857,0.498
A,202,200,S,G,S,A202S,1,1,0.2165
A,202,200,G,G,S,A202G,1,1,0.7935
Q,206,204,S,S,Q,Q206S,1,1,0.979
V,208,206,L,W,V,V208L,1,1,0.0306
V,208,206,Q,W,V,V208Q,1,1,0.979
V,208,206,W,W,V,V208W,1,0.999666667,1.0581
T,210,208,E,E,T,T210E,1,1,0.7935
V,213,211,T,T,V,V213T,1,1,1.1218
P,218,216,S,S,P,P218S,1,0.999,1.0581
P,218,216,E,S,P,P218E,1,0.991375,0.7329
I,219,217,D,D,E,I219D,0.997,0.931363636,0.7329
I,219,217,V,D,E,I219V,1,0.885333333,0.1036
I,219,217,E,D,E,I219E,0.999,0.9266,0.3656
P,220,218,E,D,D,P220E,1,0.996875,0.2495
P,220,218,T,D,D,P220T,1,1,0.0655
P,220,218,D,D,D,P220D,1,0.999583333,0.652
K,224,222,E,E,E,K224E,0.998,0.795888889,0.2874